overhead,containment,similarity
0.0,0.9814814814814815,0.9658314350797267
0.05,0.9884259259259259,0.9726651480637813
0.1,0.9918981481481481,0.9650900900900901
0.15,0.9930555555555556,0.9295774647887324
0.2,0.9965277777777778,0.8524752475247525
0.25,0.9965277777777778,0.8516320474777448
